Review Text,Sentiment
Extremely durable and reliable.,Positive
Extremely durable and reliable.,Positive
"Great customer support, resolved my issue quickly.",Positive
The worst product I've ever used.,Negative
"Battery life is awful, wouldn't recommend.",Negative
"Feels like a scam, totally unreliable.",Negative
Excellent quality and worth the price.,Positive
"Customer service was terrible, no help at all.",Negative
"Not durable at all, broke too soon.",Negative
"Loved the features, very useful and easy to use.",Positive
"Fantastic product, exceeded my expectations!",Positive
"Not what I expected, very disappointed.",Negative
The material feels so cheap and flimsy.,Negative
Highly recommend this to everyone.,Positive
"Doesn't work as advertised, completely useless.",Negative
"Nothing like the description, misleading.",Negative
Exceeded all my expectations!,Positive
"Very poor quality, not worth the price.",Negative
Fast delivery and excellent customer service.,Positive
Easy to assemble and looks great in my room.,Positive
"Terrible experience, never buying again.",Negative
Exceeded all my expectations!,Positive
"Battery life is awful, wouldn't recommend.",Negative
Perfect fit and very comfortable.,Positive
"Loved the features, very useful and easy to use.",Positive
Absolutely loved this product! Highly recommended.,Positive
Super comfortable and stylish!,Positive
"Very happy with my purchase, 5 stars!",Positive
The material feels so cheap and flimsy.,Negative
"Very poor quality, not worth the price.",Negative
Excellent quality and worth the price.,Positive
Highly recommend this to everyone.,Positive
Extremely durable and reliable.,Positive
Extremely durable and reliable.,Positive
"Customer service was terrible, no help at all.",Negative
"Terrible experience, never buying again.",Negative
"Feels like a scam, totally unreliable.",Negative
"Nothing like the description, misleading.",Negative
"Terrible experience, never buying again.",Negative
Exceeded all my expectations!,Positive
"Worth every penny, love it!",Positive
"Nothing like the description, misleading.",Negative
Highly recommend this to everyone.,Positive
Super comfortable and stylish!,Positive
"Not what I expected, very disappointed.",Negative
"Feels like a scam, totally unreliable.",Negative
Excellent quality and worth the price.,Positive
"Worth every penny, love it!",Positive
"Horrible packaging, everything was damaged.",Negative
"Fantastic product, exceeded my expectations!",Positive
"Not durable at all, broke too soon.",Negative
Wouldn't recommend this to anyone.,Negative
"Loved the features, very useful and easy to use.",Positive
"Doesn't work as advertised, completely useless.",Negative
"Nothing like the description, misleading.",Negative
Perfect fit and very comfortable.,Positive
Worst experience ever. Total waste of money.,Negative
Highly recommend this to everyone.,Positive
"Very poor quality, not worth the price.",Negative
Exceeded all my expectations!,Positive
"Such a disappointment, expected better.",Negative
One of the best purchases I've ever made.,Positive
"Works perfectly, exactly as described.",Positive
"Highly satisfied, will definitely buy again.",Positive
Extremely durable and reliable.,Positive
"Absolute waste of money, avoid this!",Negative
Fast delivery and excellent customer service.,Positive
"Such a disappointment, expected better.",Negative
"Great customer support, resolved my issue quickly.",Positive
"Huge letdown, expected way better.",Negative
"Works perfectly, exactly as described.",Positive
"Shipping took forever, very frustrating.",Negative
"Not what I expected, very disappointed.",Negative
Great value for the price. Would buy again.,Positive
The worst product I've ever used.,Negative
Wouldn't recommend this to anyone.,Negative
"Fantastic product, exceeded my expectations!",Positive
"Absolute waste of money, avoid this!",Negative
Worst experience ever. Total waste of money.,Negative
Stopped working after a few days.,Negative
Fast delivery and excellent customer service.,Positive
One of the best purchases I've ever made.,Positive
"Fantastic product, exceeded my expectations!",Positive
"Shipping took forever, very frustrating.",Negative
Stopped working after a few days.,Negative
"Loved the features, very useful and easy to use.",Positive
"Terrible quality, broke within a week.",Negative
Exceeded all my expectations!,Positive
"Customer service was terrible, no help at all.",Negative
Great value for the price. Would buy again.,Positive
Fast delivery and excellent customer service.,Positive
"Terrible quality, broke within a week.",Negative
"Terrible quality, broke within a week.",Negative
Perfect fit and very comfortable.,Positive
"Works perfectly, exactly as described.",Positive
"Not durable at all, broke too soon.",Negative
"Absolute waste of money, avoid this!",Negative
"Fantastic product, exceeded my expectations!",Positive
"Very happy with my purchase, 5 stars!",Positive
Worst experience ever. Total waste of money.,Negative
Super comfortable and stylish!,Positive
"Highly satisfied, will definitely buy again.",Positive
"Not what I expected, very disappointed.",Negative
The material feels so cheap and flimsy.,Negative
"Such a disappointment, expected better.",Negative
"Terrible experience, never buying again.",Negative
"Great customer support, resolved my issue quickly.",Positive
Fast delivery and excellent customer service.,Positive
"Very poor quality, not worth the price.",Negative
"Doesn't work as advertised, completely useless.",Negative
"Doesn't work as advertised, completely useless.",Negative
Absolutely loved this product! Highly recommended.,Positive
The worst product I've ever used.,Negative
Wouldn't recommend this to anyone.,Negative
"Great customer support, resolved my issue quickly.",Positive
"Horrible packaging, everything was damaged.",Negative
Super comfortable and stylish!,Positive
Super comfortable and stylish!,Positive
"Horrible packaging, everything was damaged.",Negative
Easy to assemble and looks great in my room.,Positive
Absolutely loved this product! Highly recommended.,Positive
"Battery life is awful, wouldn't recommend.",Negative
"Feels like a scam, totally unreliable.",Negative
"Huge letdown, expected way better.",Negative
"Loved the features, very useful and easy to use.",Positive
"Amazing taste, my whole family enjoyed it.",Positive
"Terrible experience, never buying again.",Negative
"Shipping took forever, very frustrating.",Negative
Great value for the price. Would buy again.,Positive
"Worth every penny, love it!",Positive
"Battery life is awful, wouldn't recommend.",Negative
"Very happy with my purchase, 5 stars!",Positive
"Build quality is outstanding, feels premium.",Positive
"Not durable at all, broke too soon.",Negative
"Amazing taste, my whole family enjoyed it.",Positive
The worst product I've ever used.,Negative
"Amazing taste, my whole family enjoyed it.",Positive
The material feels so cheap and flimsy.,Negative
Perfect fit and very comfortable.,Positive
Wouldn't recommend this to anyone.,Negative
Worst experience ever. Total waste of money.,Negative
The worst product I've ever used.,Negative
The material feels so cheap and flimsy.,Negative
Excellent quality and worth the price.,Positive
Absolutely loved this product! Highly recommended.,Positive
"Build quality is outstanding, feels premium.",Positive
"Very happy with my purchase, 5 stars!",Positive
"Customer service was terrible, no help at all.",Negative
"Works perfectly, exactly as described.",Positive
"Amazing taste, my whole family enjoyed it.",Positive
"Huge letdown, expected way better.",Negative
"Terrible quality, broke within a week.",Negative
Excellent quality and worth the price.,Positive
Easy to assemble and looks great in my room.,Positive
Perfect fit and very comfortable.,Positive
"Worth every penny, love it!",Positive
Stopped working after a few days.,Negative
Stopped working after a few days.,Negative
One of the best purchases I've ever made.,Positive
"Highly satisfied, will definitely buy again.",Positive
"Feels like a scam, totally unreliable.",Negative
"Not durable at all, broke too soon.",Negative
"Shipping took forever, very frustrating.",Negative
"Horrible packaging, everything was damaged.",Negative
"Amazing taste, my whole family enjoyed it.",Positive
"Build quality is outstanding, feels premium.",Positive
"Shipping took forever, very frustrating.",Negative
"Great customer support, resolved my issue quickly.",Positive
"Huge letdown, expected way better.",Negative
Highly recommend this to everyone.,Positive
Easy to assemble and looks great in my room.,Positive
Easy to assemble and looks great in my room.,Positive
Great value for the price. Would buy again.,Positive
One of the best purchases I've ever made.,Positive
Worst experience ever. Total waste of money.,Negative
"Very poor quality, not worth the price.",Negative
"Such a disappointment, expected better.",Negative
One of the best purchases I've ever made.,Positive
"Nothing like the description, misleading.",Negative
Wouldn't recommend this to anyone.,Negative
Great value for the price. Would buy again.,Positive
"Highly satisfied, will definitely buy again.",Positive
"Such a disappointment, expected better.",Negative
"Customer service was terrible, no help at all.",Negative
Stopped working after a few days.,Negative
"Horrible packaging, everything was damaged.",Negative
"Worth every penny, love it!",Positive
"Huge letdown, expected way better.",Negative
"Very happy with my purchase, 5 stars!",Positive
"Build quality is outstanding, feels premium.",Positive
"Terrible quality, broke within a week.",Negative
"Absolute waste of money, avoid this!",Negative
Absolutely loved this product! Highly recommended.,Positive
"Battery life is awful, wouldn't recommend.",Negative
"Works perfectly, exactly as described.",Positive
"Doesn't work as advertised, completely useless.",Negative
"Build quality is outstanding, feels premium.",Positive
"Highly satisfied, will definitely buy again.",Positive
"Absolute waste of money, avoid this!",Negative
"Not what I expected, very disappointed.",Negative
